<?xml version="1.0" encoding="UTF-8"?>
<beans xmlns="http://www.springframework.org/schema/beans"
	xmlns:mvc="http://www.springframework.org/schema/mvc" xmlns:context="http://www.springframework.org/schema/context"
	xmlns:aop="http://www.springframework.org/schema/aop" xmlns:websocket="http://www.springframework.org/schema/websocket"
	xmlns:xsi="http://www.w3.org/2001/XMLSchema-instance" xmlns:util="http://www.springframework.org/schema/util"
	xmlns:task="http://www.springframework.org/schema/task" xmlns:tx="http://www.springframework.org/schema/tx"
	xsi:schemaLocation="http://www.springframework.org/schema/websocket http://www.springframework.org/schema/websocket/spring-websocket.xsd
		http://www.springframework.org/schema/mvc http://www.springframework.org/schema/mvc/spring-mvc.xsd
		http://www.springframework.org/schema/task http://www.springframework.org/schema/task/spring-task-3.0.xsd
		http://www.springframework.org/schema/beans http://www.springframework.org/schema/beans/spring-beans.xsd
		http://www.springframework.org/schema/context http://www.springframework.org/schema/context/spring-context.xsd
		http://www.springframework.org/schema/aop http://www.springframework.org/schema/aop/spring-aop.xsd
		http://www.springframework.org/schema/tx http://www.springframework.org/schema/tx/spring-tx-4.3.xsd
		http://www.springframework.org/schema/util http://www.springframework.org/schema/util/spring-util-3.1.xsd">

	<!-- Scheduler setting -->
	<bean id="Scheduler" class="toodle.util.Scheduler"></bean>
	<task:scheduler id="myScheduler" pool-size="10" />
	<task:executor id="myExecutor" pool-size="5" />
	<task:annotation-driven executor="myExecutor"
		scheduler="myScheduler" />

	<!--Gmail setting -->
	<bean id="smtpMailSender" class="toodle.service.SmtpMailSender"></bean>

	<bean id="javaMailSender" class="org.springframework.mail.javamail.JavaMailSenderImpl">
		<property name="host" value="smtp.gmail.com" />
		<property name="port" value="587" />
		<property name="username" value="gpdlfflha@gmail.com" />
		<property name="password" value="Tlstn2468*/" />
		<property name="javaMailProperties">
			<props>
				<prop key="mail.smtp.ssl.trust">smtp.gmail.com</prop>
				<prop key="mail.smtp.starttls.enable">true</prop>
				<prop key="mail.smtp.auth">true</prop>
				<prop key="mail.transport.protocol">smtp</prop>
			</props>
		</property>
	</bean>


	<context:component-scan base-package="toodle.controller">
		<context:include-filter type="annotation"
			expression="org.springframework.stereotype.Controller" />
	</context:component-scan>

	<context:property-placeholder order="2"
		location="classpath:/defaults.properties" />
	<context:property-placeholder order="1"
		location="classpath:/overrides.properties" ignore-resource-not-found="true"
		ignore-unresolvable="true" />

	<mvc:annotation-driven />
	<mvc:interceptors>
		<mvc:interceptor>
			<mvc:mapping path="/api/**" />
			<mvc:exclude-mapping path="/api/user/login" />
			<bean class="toodle.interceptor.AutoLoginInterceptor" />
		</mvc:interceptor>
	</mvc:interceptors>
	<mvc:resources location="/css/" mapping="/css/**" />
	<mvc:resources location="/js/" mapping="/js/**" />
	<mvc:resources location="/img/" mapping="/img/**" />

	<bean id="websocketHandshakeInterceptor"
		class="org.springframework.web.socket.server.support.HttpSessionHandshakeInterceptor" />
	<websocket:message-broker
		application-destination-prefix="/message">
		<websocket:stomp-endpoint path="/greeting">
			<websocket:handshake-interceptors>
				<ref bean="websocketHandshakeInterceptor" />
			</websocket:handshake-interceptors>
			<websocket:sockjs session-cookie-needed="true" />
		</websocket:stomp-endpoint>

		<websocket:stomp-endpoint path="/echo">
			<websocket:sockjs />
		</websocket:stomp-endpoint>

		<websocket:stomp-endpoint path="/sync">
			<websocket:handshake-interceptors>
				<ref bean="websocketHandshakeInterceptor" />
			</websocket:handshake-interceptors>
			<websocket:sockjs session-cookie-needed="true" />
		</websocket:stomp-endpoint>

		<websocket:simple-broker prefix="/topic" />
	</websocket:message-broker>

	<bean
		class="org.springframework.beans.factory.annotation.AutowiredAnnotationBeanPostProcessor" />

	<bean id="dataSource" class="org.apache.commons.dbcp.BasicDataSource"
		destroy-method="close">
		<property name="driverClassName" value="${dataSource.driverClassName}" />
		<property name="url" value="${dataSource.url}" />
		<property name="username" value="${dataSource.username}" />
		<property name="password" value="${dataSource.password}" />
	</bean>

	<bean id="transactionManager"
		class="org.springframework.jdbc.datasource.DataSourceTransactionManager">
		<constructor-arg name="dataSource" ref="dataSource" />
	</bean>

	<bean id="sqlSessionFactory" class="org.mybatis.spring.SqlSessionFactoryBean">
		<property name="dataSource" ref="dataSource" />
		<property name="configLocation" value="classpath:/mybatis-config.xml" />
		<property name="mapperLocations" value="classpath:/sql/*.xml" />
	</bean>

	<bean id="sqlSessionTemplate" class="org.mybatis.spring.SqlSessionTemplate">
		<constructor-arg index="0" ref="sqlSessionFactory" />
	</bean>

	<bean class="toodle.migration.Migrator">
		<property name="mapperPath" value="sql/migration.xml" />
		<property name="targetVersion" value="15" />
	</bean>

	<bean
		class="org.springframework.web.servlet.view.InternalResourceViewResolver">
		<property name="prefix" value="/WEB-INF/view/" />
		<property name="suffix" value=".jsp" />
	</bean>

	<bean id="tUtil" class="toodle.util.Utils" />
	<bean id="userDao" class="toodle.dao.UserDAO" />
	<bean id="taskListDAO" class="toodle.dao.TaskListDAO" />
	<bean id="taskDAO" class="toodle.dao.TaskDAO" />
	<bean id="subtaskDAO" class="toodle.dao.SubtaskDAO" />
	<bean id="commentDAO" class="toodle.dao.CommentDAO" />
	<bean id="autoLoginEntryDAO" class="toodle.dao.AutoLoginEntryDAO" />
	<bean id="attachmentDAO" class="toodle.dao.AttachmentDAO" />
	<bean id="noticeDAO" class="toodle.dao.NoticeDAO" />
	<bean id="noticeService" class="toodle.service.NoticeService" />
	<bean id="newPassword" class="toodle.util.NewPassword"/>

	<bean id="currentUser" class="toodle.model.User" scope="session">
		<aop:scoped-proxy />
	</bean>

	<bean id="loginService" class="toodle.service.LoginService" />
	<bean id="taskService" class="toodle.service.TaskService" />
	<bean id="taskListService" class="toodle.service.TaskListService" />
	<bean id="syncMessagingService" class="toodle.service.SyncMessagingService" />

	<bean id="multipartResolver"
		class="org.springframework.web.multipart.commons.CommonsMultipartResolver">
		<property name="maxUploadSize">
			<value>10485760</value>
		</property>
	</bean>
	<!-- 업로드 용량 초과 -->
	<bean id="exceptionResolver" class="org.springframework.web.servlet.handler.SimpleMappingExceptionResolver">
		<property name="exceptionMappings">
			<props>
				<prop key="org.springframework.web.multipart.MaxUploadSizeExceededException">
					/message/uploadErrorMessage
				</prop>
			</props>
		</property>
	</bean>

	<bean id="downloadAttachment" class="toodle.util.DownloadAttachment" />
	<!-- 다운 -->
	<bean id="toodleDown" class="toodle.view.DownloadView" />
	<bean class="org.springframework.web.servlet.view.BeanNameViewResolver">
		<property name="order" value="0"></property>
	</bean>

	<aop:config proxy-target-class="true">
		<aop:pointcut id="txAdvisePointCut"
			expression="execution(public * com.project..service.*Service.*(..))" />
		<aop:advisor id="transactionAdvisor" pointcut-ref="txAdvisePointCut"
			advice-ref="txAdvice" />
	</aop:config>

	<tx:advice id="txAdvice" transaction-manager="transactionManager">
		<tx:attributes>
			<tx:method name="get*" read-only="true" />
			<tx:method name="find*" read-only="true" />
			<tx:method name="insert*" propagation="REQUIRED"
				rollback-for="Exception" />
			<tx:method name="update*" propagation="REQUIRED"
				rollback-for="Exception" />
			<tx:method name="delete*" propagation="REQUIRED"
				rollback-for="Exception" />
		</tx:attributes>
	</tx:advice>
</beans>
