<?xml version="1.0" encoding="UTF-8"?>
<!DOCTYPE mapper PUBLIC "-//mybatis.org//DTD Mapper 3.0//EN" "http://mybatis.org/dtd/mybatis-3-mapper.dtd">
<mapper namespace="sql.attachment">
	<insert id="insert" parameterType="toodle.model.Attachment" useGeneratedKeys="true" keyColumn="idx" keyProperty="idx">
		insert into 
		td_task_attachments(idx, task_idx, name, path, mimetype, created_at)
		values(td_task_attachment_idx.nextval, #{taskIdx}, #{name}, #{path}, #{mimetype}, sysdate)
	</insert>
	<select id="selectByTaskIdx" parameterType="string" resultType="toodle.model.Attachment">
		select * from td_task_attachments
		where task_idx=#{taskIdx}
		order by created_at asc
	</select>
	<delete id="deleteByAttachmentIdx" parameterType="string">
		DELETE FROM td_task_attachments WHERE idx = #{attachmentIdx}
	</delete>
	<select id="selectUserstateDown" parameterType="map" resultType="string">
		select td_list_users.user_idx from td_list_users
		where td_list_users.list_idx=
		  (select td_tasks.list_idx from td_tasks
		  where td_tasks.idx=
		    (select task_idx from td_task_attachments
		    where idx=#{attachmentIdx}))
		and user_idx=#{userIdx}
		and user_state in ('owner', 'member')
	</select>
	<select id="selectAttachmentName" parameterType="String" resultType="string">
		select name from td_task_attachments
		where idx=#{attachmentIdx}
	</select>
</mapper>