<?xml version="1.0" encoding="UTF-8"?>
<!DOCTYPE mapper PUBLIC "-//mybatis.org//DTD Mapper 3.0//EN" "http://mybatis.org/dtd/mybatis-3-mapper.dtd">
<mapper namespace="sql.autoLoginEntry">
	<insert id="insert" parameterType="toodle.model.AutoLoginEntry">
		INSERT INTO td_auto_login_entries(selector, token_hash, user_idx, last_login) VALUES (#{selector}, #{tokenHash}, #{userIdx}, sysdate) 
	</insert>
	<select id="selectBySelector" parameterType="String" resultType="toodle.model.AutoLoginEntry">
		SELECT * FROM td_auto_login_entries WHERE selector = #{selector}
	</select>
	<delete id="deleteOldEntries">
		<![CDATA[
			DELETE FROM td_auto_login_entries WHERE last_login < sysdate-2
		]]>
	</delete>
	<delete id="delete" parameterType="toodle.model.AutoLoginEntry">
		DELETE FROM td_auto_login_entries WHERE selector = #{selector} AND user_idx = #{userIdx}
	</delete>
	<update id="updateLastLogin" parameterType="toodle.model.AutoLoginEntry">
		UPDATE td_auto_login_entries SET last_login = sysdate WHERE selector = #{selector} AND user_idx = #{userIdx}
	</update>
</mapper>
