<?xml version="1.0" encoding="UTF-8"?>
<!DOCTYPE mapper PUBLIC "-//mybatis.org//DTD Mapper 3.0//EN" "http://mybatis.org/dtd/mybatis-3-mapper.dtd">
<mapper namespace="sql.comment">
	<insert id="insert" parameterType="toodle.model.Comment" useGeneratedKeys="true" keyProperty="idx" keyColumn="idx">
		INSERT
		INTO td_task_comments(idx, task_idx, user_idx, content, created_at)
		VALUES (td_task_comment_idx.nextval, #{taskIdx}, #{userIdx}, #{content}, sysdate)
	</insert>
	<select id="selectByIdx" parameterType="string" resultType="toodle.model.Comment">
		SELECT
			td_task_comments.*,
			td_users.name AS user_name,
			td_users.photo AS user_photo,
			td_users.email AS user_email
		FROM td_task_comments
		INNER JOIN td_users ON td_users.idx = td_task_comments.user_idx
		WHERE td_task_comments.idx = #{idx}
	</select>
	<select id="selectByTaskIdx" parameterType="map" resultType="toodle.model.Comment">
		SELECT
			td_task_comments.*,
			td_users.name as user_name,
			td_users.photo as user_photo,
			td_users.email as user_email 
		FROM td_task_comments
		INNER JOIN td_tasks
			ON td_tasks.idx = td_task_comments.task_idx 
		INNER JOIN td_users 
			ON td_users.idx = td_task_comments.user_idx 
		INNER JOIN td_lists
			ON td_lists.idx = td_tasks.list_idx
		INNER JOIN td_list_users
			ON td_list_users.list_idx= td_lists.idx
		WHERE td_list_users.user_idx =#{userIdx}
			AND td_list_users.user_state IN ('owner','member')
			AND task_idx = #{taskIdx}
		ORDER BY td_task_comments.created_at ASC	
	</select>
	<delete id="delete" parameterType="string">
		DELETE FROM td_task_comments 
		WHERE idx = #{commentIdx} AND user_idx = #{userIdx}
	</delete>	
</mapper>
