<?xml version="1.0" encoding="UTF-8"?>
<!DOCTYPE mapper PUBLIC "-//mybatis.org//DTD Mapper 3.0//EN" "http://mybatis.org/dtd/mybatis-3-mapper.dtd">
<mapper namespace="sql.migration">
	<insert id="update">
		{CALL DECLARE BEGIN
			DELETE FROM td_migration;
			INSERT INTO td_migration VALUES(#{0});
		END}
	</insert>

	<!-- 최초 테이블 생성 -->
	<update id="1_up">
		{CALL DECLARE BEGIN
 			EXECUTE IMMEDIATE 'CREATE TABLE td_users (
				idx      NUMBER(9)    PRIMARY KEY,
				name     VARCHAR2(20) NOT NULL,
				email    VARCHAR2(50) NOT NULL UNIQUE,
				password VARCHAR2(50) NOT NULL,
				photo    VARCHAR2(50) NOT NULL
			)';
			EXECUTE IMMEDIATE 'CREATE TABLE td_lists (
				idx        NUMBER(9) PRIMARY KEY,
				name       VARCHAR2(50) NOT NULL,
				version    NUMBER(9),
				deleted_at DATE
			)';
			EXECUTE IMMEDIATE 'CREATE TABLE td_list_users (
				list_idx   NUMBER(9)    NOT NULL,
				user_idx   NUMBER(9)    NOT NULL,
				user_state VARCHAR2(10) NOT NULL,
				folder     VARCHAR2(50),
				ord        NUMBER(4)    DEFAULT 0,
				PRIMARY KEY (list_idx, user_idx),
				FOREIGN KEY (list_idx) REFERENCES td_lists(idx) ON DELETE CASCADE,
				FOREIGN KEY (user_idx) REFERENCES td_users(idx) ON DELETe CASCADE 
			)';
			EXECUTE IMMEDIATE 'CREATE TABLE td_tasks (
				idx         NUMBER(9)     PRIMARY KEY,
				list_idx    NUMBER(9)     DEFAULT NULL,
				user_idx    NUMBER(9)     NOT NULL,
				name        VARCHAR2(100) NOT NULL,
				description CLOB,

				start_datetime  DATE,
				due_datetime    DATE,
				remind_datetime DATE,
				
				is_important NUMBER(1) DEFAULT 0,
				is_completed NUMBER(1) DEFAULT 0,
				
				created_at DATE NOT NULL,
				updated_at DATE NOT NULL,
				
				version NUMBER(9) NOT NULL, 
				ord NUMBER(4) NOT NULL,
				
				FOREIGN KEY (list_idx) REFERENCES td_lists(idx) ON DELETE CASCADE,
				FOREIGN KEY (user_idx) REFERENCES td_users(idx) ON DELETE CASCADE
			)';
			EXECUTE IMMEDIATE 'CREATE TABLE td_task_attachments (
				idx        NUMBER(9) PRIMARY KEY,
				task_idx   NUMBER(9) NOT NULL,
				name       VARCHAR2(255),
				path       VARCHAR2(255),
				mimetype   VARCHAR2(50),
				created_at DATE NOT NULL,
				FOREIGN KEY (task_idx) REFERENCES td_tasks(idx) ON DELETE CASCADE
			)';
			EXECUTE IMMEDIATE 'CREATE TABLE td_task_assignees (
				user_idx  NUMBER(9) NOT NULL,
				task_idx  NUMBER(9) NOT NULL,
				ord       NUMBER(3) NOT NULL,
				PRIMARY KEY (user_idx, task_idx),
				FOREIGN KEY (task_idx) REFERENCES td_tasks(idx) ON DELETE CASCADE,
				FOREIGN KEY (user_idx) REFERENCES td_users(idx) ON DELETE CASCADE
			)';
			EXECUTE IMMEDIATE 'CREATE TABLE td_task_comments (
				idx        NUMBER(9) PRIMARY KEY,
				task_idx   NUMBER(9) NOT NULL, 
				user_idx   NUMBER(9) NOT NULL,
				content    CLOB,
				created_at DATE,
				FOREIGN KEY (task_idx) REFERENCES td_tasks(idx) ON DELETE CASCADE
			)';
			EXECUTE IMMEDIATE 'CREATE TABLE td_subtasks (
				idx          NUMBER(9)     PRIMARY KEY,
				task_idx     NUMBER(9)     NOT NULL,
				name         VARCHAR2(500) NOT NULL,
				is_completed NUMBER(1)     DEFAULT 0,
				ord          NUMBER(4)     NOT NULL,
				created_at   DATE          NOT NULL,
				version      NUMBER(5)     NOT NULL,
				FOREIGN KEY (task_idx) REFERENCES td_tasks(idx) ON DELETE CASCADE
			)';
			EXECUTE IMMEDIATE 'CREATE SEQUENCE td_user_idx';
			EXECUTE IMMEDIATE 'CREATE SEQUENCE td_list_idx';
			EXECUTE IMMEDIATE 'CREATE SEQUENCE td_task_idx';
			EXECUTE IMMEDIATE 'CREATE SEQUENCE td_task_attachment_idx';
			EXECUTE IMMEDIATE 'CREATE SEQUENCE td_task_comment_idx';
			EXECUTE IMMEDIATE 'CREATE SEQUENCE td_subtask_idx';
		END}
	</update>
	<update id="1_down">
		{CALL DECLARE BEGIN
			EXECUTE IMMEDIATE 'DROP SEQUENCE td_subtask_idx';
			EXECUTE IMMEDIATE 'DROP SEQUENCE td_task_comment_idx';
			EXECUTE IMMEDIATE 'DROP SEQUENCE td_task_attachment_idx';
			EXECUTE IMMEDIATE 'DROP SEQUENCE td_task_idx';
			EXECUTE IMMEDIATE 'DROP SEQUENCE td_list_idx';
			EXECUTE IMMEDIATE 'DROP SEQUENCE td_user_idx';
			EXECUTE IMMEDIATE 'DROP TABLE td_subtasks';
			EXECUTE IMMEDIATE 'DROP TABLE td_task_comments';
			EXECUTE IMMEDIATE 'DROP TABLE td_task_attachments';
			EXECUTE IMMEDIATE 'DROP TABLE td_task_assignees';
			EXECUTE IMMEDIATE 'DROP TABLE td_tasks';		
			EXECUTE IMMEDIATE 'DROP TABLE td_list_users';	
			EXECUTE IMMEDIATE 'DROP TABLE td_lists';
			EXECUTE IMMEDIATE 'DROP TABLE td_users';
		END}
	</update>
	
	<!-- 자동로그인 토큰 테이블 추가 -->
	<update id="2_up">
		CREATE TABLE td_autologin_tokens (
			selector   VARCHAR2(16),
			token      VARCHAR2(32),
			user_idx   NUMBER(9),
			last_login DATE
		)
	</update>
	<update id="2_down">
		DROP TABLE td_autologin_tokens
	</update>

	<!-- 필드 길이 변경 -->
	<update id="3_up">
		ALTER TABLE td_autologin_tokens modify (token VARCHAR2(80))
	</update>
	<update id="3_down">
		ALTER TABLE td_autologin_tokens modify (token VARCHAR2(32))
	</update>
	
	<!-- td_users.photo에 null 허용 -->
	<update id="4_up">
		ALTER TABLE td_users MODIFY (photo VARCHAR(50))
	</update>
	<update id="4_down">
		{CALL DECLARE BEGIN
			EXECUTE IMMEDIATE q'[UPDATE td_users SET photo = 'NULL' WHERE photo IS NULL]';
			EXECUTE IMMEDIATE 'ALTER TABLE td_users MODIFY (photo VARCHAR2(50) NOT NULL)'; 
		END}
	</update>
	
	<!-- td_autologin_tokens 변경 -->
	<update id="5_up">
		{CALL DECLARE BEGIN
			EXECUTE IMMEDIATE 'RENAME td_autologin_tokens TO td_auto_login_entries';
			EXECUTE IMMEDIATE 'ALTER TABLE td_auto_login_entries RENAME COLUMN token TO token_hash';
		END}
	</update>
	<update id="5_down">
		{CALL DECLARE BEGIN
			EXECUTE IMMEDIATE 'ALTER TABLE td_auto_login_entries RENAME COLUMN token_hash TO token';
			EXECUTE IMMEDIATE 'RENAME td_auto_login_entries TO td_autologin_tokens';
		END}
	</update>
	
	<!-- td_users.photo 다시 null 되게 -->
	<update id="6_up">
		ALTER TABLE td_users MODIFY (photo VARCHAR(50) NULL)
	</update>
	<update id="6_down">
		{CALL DECLARE BEGIN
			EXECUTE IMMEDIATE q'[UPDATE td_users SET photo = 'NULL' WHERE photo IS NULL]';
			EXECUTE IMMEDIATE 'ALTER TABLE td_users MODIFY (photo VARCHAR2(50) NOT NULL)'; 
		END}
	</update>
	
	<!-- td_tasks.list_idx에서 null 불허, td_users.inbox_idx 추가 -->
	<update id="7_up">
		{CALL DECLARE BEGIN
			EXECUTE IMMEDIATE 'DELETE FROM td_tasks WHERE list_idx IS NULL';
			EXECUTE IMMEDIATE 'ALTER TABLE td_tasks MODIFY (list_idx NUMBER(9) NOT NULL)';
			EXECUTE IMMEDIATE 'ALTER TABLE td_users ADD inbox_idx NUMBER(9) NULL';
			EXECUTE IMMEDIATE 'UPDATE td_users SET inbox_idx = td_list_idx.nextval';
			EXECUTE IMMEDIATE q'[
				INSERT INTO td_lists (idx, name, version)
				SELECT
				    inbox_idx AS idx,
				    'inbox'   AS name,
				    0         AS version
				FROM td_users
			]';
			EXECUTE IMMEDIATE q'[
				INSERT INTO td_list_users (list_idx, user_idx, user_state)
				SELECT
				    inbox_idx AS list_idx,
				    idx       AS user_idx,
				    'owner'   AS user_state
				FROM td_users
			]';
		END}
	</update>
	<update id="7_down">
		{CALL DECLARE BEGIN
			EXECUTE IMMEDIATE 'ALTER TABLE td_tasks MODIFY (list_idx NUMBER(9) NULL)';
			EXECUTE IMMEDIATE 'DELETE FROM td_tasks      WHERE list_idx IN (SELECT inbox_idx FROM td_users)';
			EXECUTE IMMEDIATE 'DELETE FROM td_list_users WHERE list_idx IN (SELECT inbox_idx FROM td_users)';
			EXECUTE IMMEDIATE 'DELETE FROM td_lists      WHERE idx      IN (SELECT inbox_idx FROM td_users)';
			EXECUTE IMMEDIATE 'ALTER TABLE td_users DROP COLUMN inbox_idx';
		END}
	</update>
	
	<!--해시태그 테이블 추가-->
	<update id="8_up">
		CREATE TABLE td_hashtags(
			task_idx NUMBER(9),
			tag VARCHAR2(50),
			PRIMARY KEY(task_idx,tag)
		)
	</update>
	<update id="8_down">
		DROP TABLE td_hashtags
	</update>
	<update id="9_up">
		{CALL DECLARE BEGIN
			EXECUTE IMMEDIATE 'CREATE TABLE td_notices(
				idx NUMBER(9) PRIMARY KEY,
				type VARCHAR2(30) NOT NULL,
				task_idx NUMBER(9),
				ref_idx NUMBER(9),
				ref_name VARCHAR2(200),
				task_name VARCHAR2(100),
				list_idx NUMBER(9),
				list_name VARCHAR2(50),
				created_at DATE
			)';
			EXECUTE IMMEDIATE 'CREATE TABLE td_notice_users(
				user_idx NUMBER(9),
				notice_idx NUMBER(9),
				PRIMARY KEY(user_idx, notice_idx)
			)';
			EXECUTE IMMEDIATE 'ALTER TABLE td_users ADD last_notice_idx NUMBER(9)';
			EXECUTE IMMEDIATE 'CREATE SEQUENCE td_notice_idx';
		END}
	</update>
	<update id="9_down">
		{CALL DECLARE BEGIN
			EXECUTE IMMEDIATE 'DROP TABLE td_notices';
			EXECUTE IMMEDIATE 'DROP TABLE td_notice_users';
			EXECUTE IMMEDIATE 'ALTER TABLE td_users DROP COLUMN last_notice_idx';
			EXECUTE IMMEDIATE 'DROP SEQUENCE td_notice_idx';
		END}
	</update>
	<update id="10_up">
		ALTER TABLE td_notices ADD user_idx NUMBER(9)
	</update>
	<update id="10_down">
		ALTER TABLE td_notices DROP COLUMN user_idx
	</update>
	
	<update id="11_up">
		ALTER TABLE td_tasks MODIFY remind_datetime TIMESTAMP
	</update>
	<update id="11_down">
		ALTER TABLE td_tasks MODIFY remind_datetime DATE
	</update>
	
	<update id="12_up">
		ALTER TABLE td_users ADD updated_at TIMESTAMP
	</update>
	<update id="12_down">
		ALTER TABLE td_users DROP COLUMN updated_at	
	</update>
	
	<update id="13_up">
		ALTER TABLE td_task_comments MODIFY created_at TIMESTAMP
	</update>
	<update id="13_down">
		ALTER TABLE td_task_comments MODIFY created_at DATE
	</update>
	
	<update id="14_up">
		ALTER TABLE td_notices MODIFY created_at TIMESTAMP
	</update>
	<update id="14_down">
		ALTER TABLE td_notices MODIFY created_at DATE
	</update>
	<update id="15_up">
		ALTER TABLE td_users ADD settings clob
	</update>
	<update id="15_down">
		ALTER TABLE td_users DROP COLUMN settings 
	</update>
</mapper>
