<?xml version="1.0" encoding="UTF-8"?>
<!DOCTYPE mapper PUBLIC "-//mybatis.org//DTD Mapper 3.0//EN" "http://mybatis.org/dtd/mybatis-3-mapper.dtd">
<mapper namespace="sql.notice">
	<select id="selectTargetUserIdxes" parameterType="map" resultType="string">
		SELECT td_list_users.user_idx FROM td_tasks
		INNER JOIN td_list_users ON td_list_users.list_idx = td_tasks.list_idx
		WHERE user_state IN ('member', 'owner') AND user_idx != #{currentUserIdx} AND task_idx = #{taskIdx}
	</select>
	<insert id="insertNoticeTask" parameterType="map" useGeneratedKeys="true" keyProperty="idx" keyColumn="idx">
		INSERT INTO td_notices(
			idx, type, task_idx, ref_idx, ref_name, task_name, list_idx, list_name, created_at, user_idx)
		VALUES(
			td_notice_idx.nextval, 
			'taskAdd', 
			#{taskIdx}, 
			null, 
			null, 
			(SELECT name FROM td_tasks WHERE idx=#{taskIdx}), 
			(SELECT list_idx FROM td_tasks WHERE idx=#{taskIdx}), 
			(SELECT name FROM td_lists WHERE idx=(SELECT list_idx FROM td_tasks WHERE idx = #{taskIdx})), 
			sysdate,
			#{userIdx}
		)
	</insert>
	<insert id="insertNoticeCompleted" parameterType="map" useGeneratedKeys="true" keyProperty="idx" keyColumn="idx">
		INSERT INTO td_notices(
			idx, type, task_idx, ref_idx, ref_name, task_name, list_idx, list_name, created_at, user_idx)
			VALUES(
				td_notice_idx.nextval, 
				'taskComplete',
				#{taskIdx}, 
				null, 
				null, 
				(SELECT name FROM td_tasks WHERE idx=#{taskIdx}), 
				(SELECT list_idx FROM td_tasks WHERE idx=#{taskIdx}), 
				(SELECT name FROM td_lists WHERE idx=(SELECT list_idx FROM td_tasks WHERE idx = #{taskIdx})), 
				sysdate,
				#{userIdx}
			)
	</insert>
	<insert id="insertNoticeAttachment" parameterType="map" useGeneratedKeys="true" keyProperty="idx" keyColumn="idx">
		INSERT INTO td_notices(
			idx, type, task_idx, ref_idx, ref_name, task_name, list_idx, list_name, created_at, user_idx)
		VALUES(
			td_notice_idx.nextval, 
			'attachment', 
			#{taskIdx}, 
			null, 
			null, 
			(SELECT name FROM td_tasks WHERE idx=#{taskIdx}), 
			(SELECT list_idx FROM td_tasks WHERE idx=#{taskIdx}), 
			(SELECT name FROM td_lists WHERE idx=(SELECT list_idx FROM td_tasks WHERE idx = #{taskIdx})), 
			sysdate,
			#{userIdx}
		)
	</insert>
	<insert id="insertNoticeSubtaskAdd" parameterType="map" useGeneratedKeys="true" keyProperty="idx" keyColumn="idx">
		INSERT INTO td_notices(
			idx, type, task_idx, ref_idx, ref_name, task_name, list_idx, list_name, created_at, user_idx)
		VALUES(
			td_notice_idx.nextval, 
			'subtaskAdd', 
			#{taskIdx}, 
			null, 
			null, 
			(SELECT name FROM td_tasks WHERE idx=#{taskIdx}), 
			(SELECT list_idx FROM td_tasks WHERE idx=#{taskIdx}), 
			(SELECT name FROM td_lists WHERE idx=(SELECT list_idx FROM td_tasks WHERE idx = #{taskIdx})), 
			sysdate,
			#{userIdx}
		)
	</insert>
	<insert id="insertNoticeUsers" parameterType="string">
		INSERT INTO td_notice_users(notice_idx, user_idx)
		SELECT #{noticeIdx}, user_idx
		FROM td_list_users
		WHERE list_idx = 
		  (SELECT list_idx FROM td_tasks WHERE idx = (
		    (SELECT task_idx FROM td_notices WHERE idx = #{noticeIdx})
		  ))
		AND user_state IN ('owner', 'member')
		AND user_idx != (SELECT user_idx FROM td_notices WHERE idx = #{noticeIdx})	
	</insert>
	<insert id="insertNoticeAssign" parameterType="map" useGeneratedKeys="true" keyProperty="idx" keyColumn="idx">
		INSERT INTO td_notices(
		idx, type, task_idx, ref_idx, ref_name, task_name, list_idx, list_name, created_at, user_idx)
			VALUES(
			td_notice_idx.nextval, 
			'assign', 
			#{taskIdx}, 
			null, 
			null, 
			(SELECT name FROM td_tasks WHERE idx=#{taskIdx}), 
			(SELECT list_idx FROM td_tasks WHERE idx=#{taskIdx}), 
			(SELECT name FROM td_lists WHERE idx=(SELECT list_idx FROM td_tasks WHERE idx = #{taskIdx})), 
			sysdate,
			#{userIdx}
		)
	</insert>
	<insert id="insertNoticeComment" parameterType="map" useGeneratedKeys="true" keyProperty="idx" keyColumn="idx">
		INSERT INTO td_notices(
		idx, type, task_idx, ref_idx, ref_name, task_name, list_idx, list_name, created_at, user_idx)
			VALUES(
			td_notice_idx.nextval, 
			'comment', 
			#{taskIdx}, 
			#{commentIdx}, 
			(SELECT SUBSTR((SELECT content FROM td_task_comments WHERE idx = #{commentIdx}), 1 , 187) content
				FROM td_task_comments WHERE idx = #{commentIdx}), 
			(SELECT name FROM td_tasks WHERE idx=#{taskIdx}), 
			(SELECT list_idx FROM td_tasks WHERE idx=#{taskIdx}), 
			(SELECT name FROM td_lists WHERE idx=(SELECT list_idx FROM td_tasks WHERE idx = #{taskIdx})), 
			sysdate,
			#{userIdx}
		)
	</insert>
	<select id="selectLastNotice" parameterType="string" resultType="toodle.model.Notice"><![CDATA[
		SELECT * FROM (
			SELECT
				td_notices.*,
				td_users.name AS user_name,
				td_users.email AS user_email,
				td_users.photo AS user_photo
			FROM td_notices
			LEFT OUTER JOIN td_users ON td_notices.user_idx = td_users.idx
			WHERE td_notices.idx IN (
				SELECT notice_idx 
				FROM td_notice_users 
				WHERE user_idx = #{idx} AND notice_idx > COALESCE((SELECT last_notice_idx FROM td_users WHERE idx = #{idx}), 0)
			)
			ORDER BY td_notices.idx DESC
		) WHERE ROWNUM <= 21
	]]></select>
	<update id="updateLastNotice" parameterType="map">
		UPDATE td_users
		SET last_notice_idx = #{noticeIdx}
		WHERE idx = #{userIdx}
	</update>
</mapper>