<?xml version="1.0" encoding="UTF-8"?>
<!DOCTYPE mapper PUBLIC "-//mybatis.org//DTD Mapper 3.0//EN" "http://mybatis.org/dtd/mybatis-3-mapper.dtd">
<mapper namespace="sql.subtask">
	<insert id="insert" parameterType="toodle.model.Subtask" useGeneratedKeys="true" keyProperty="idx" keyColumn="idx">
		INSERT INTO td_subtasks(idx, task_idx, name, is_completed, ord, created_at, version) 
		VALUES(td_subtask_idx.nextval, #{taskIdx}, #{name}, #{isCompleted},
			COALESCE((SELECT MAX(ord) + 1 FROM td_subtasks WHERE task_idx = #{taskIdx}), 0), sysdate, 0)
	</insert>
	<select id="selectByTaskIdx" parameterType="string" resultType="toodle.model.Subtask">
		SELECT *
		FROM td_subtasks
		WHERE task_idx = #{taskIdx} ORDER BY ord ASC
	</select>
	<delete id="delete" parameterType="string">
		DELETE FROM td_subtasks WHERE idx = #{idx}
	</delete>
	<select id="select" parameterType="string" resultType="toodle.model.Subtask">
		SELECT *
		FROM td_subtasks
		WHERE idx = #{idx}
	</select>
	<update id="update" parameterType="toodle.model.Subtask">
		UPDATE td_subtasks
		SET task_idx = #{taskIdx}, name = #{name}, is_completed = #{isCompleted}, ord = 0, version = version + 1
		WHERE idx = #{idx}
	</update>
</mapper>