<?xml version="1.0" encoding="UTF-8"?>
<!DOCTYPE mapper PUBLIC "-//mybatis.org//DTD Mapper 3.0//EN" "http://mybatis.org/dtd/mybatis-3-mapper.dtd">
<mapper namespace="sql.taskList">
	<insert id="insert" parameterType="toodle.model.TaskList" useGeneratedKeys="true" keyProperty="idx" keyColumn="idx">
		INSERT INTO td_lists(idx, name, version, deleted_at) VALUES(td_list_idx.nextval, #{name}, 0, null)
	</insert>
	<insert id="insertUser" parameterType="toodle.model.TaskList">
		INSERT INTO td_list_users(list_idx, user_idx, user_state, folder, ord)
		VALUES (#{idx}, #{userIdx}, #{userState}, #{folder,jdbcType=VARCHAR}, #{ord})
	</insert>
	<update id="update" parameterType="toodle.model.TaskList">
		UPDATE td_lists 
		SET name = #{name}, version = version + 1 
		WHERE idx = #{idx}
	</update>
	<update id="updateUser" parameterType="toodle.model.TaskList">
		UPDATE td_list_users
		SET user_state = #{userState}, folder = #{folder,jdbcType=VARCHAR}, ord = #{ord}
		WHERE list_idx = #{idx} and user_idx = #{userIdx} 
	</update>
	<update id="updateUserState" parameterType="map">
		UPDATE td_list_users
		SET user_state = #{userState}
		WHERE list_idx = #{listIdx} AND user_idx = #{userIdx}
	</update>
	<update id="sort" parameterType="toodle.model.TaskList">
		UPDATE td_list_users
		SET
			ord = #{ord},
			folder = #{folder,jdbcType=VARCHAR}
		WHERE
			list_idx = #{listIdx} AND
			user_idx = #{userIdx} AND
			user_state IN ('owner', 'member')
	</update>
	<update id="markDelete" parameterType="string">
		UPDATE td_lists
		SET deleted_at = sysdate
		WHERE idx = #{listIdx}
	</update>
	
	<update id="restoreList" parameterType="toodle.dao.ListUserPair">
		UPDATE td_lists
		SET deleted_at = null
		WHERE idx IN (
			SELECT idx FROM td_lists
			INNER JOIN td_list_users ON td_lists.idx = td_list_users.list_idx
			WHERE td_list_users.user_idx = #{userIdx} AND td_list_users.user_state = 'owner' AND list_idx = #{listIdx}
		)
	</update>

	<delete id="deleteUsers" parameterType="map">
		DELETE FROM td_list_users
		WHERE list_idx = #{listIdx}
		AND user_idx IN <foreach collection="userIdxes" item="userIdx" open="(" close=")" separator=",">#{userIdx}</foreach>
	</delete>
	<delete id="deleteOtherUsers" parameterType="toodle.dao.ListUserPair">
		DELETE FROM td_list_users
		WHERE list_idx = #{listIdx} AND user_idx != #{userIdx}
	</delete>
	<update id="totallyDeleteList" parameterType="toodle.dao.ListUserPair">
		DELETE FROM td_lists
		WHERE idx IN (
					SELECT idx FROM td_lists
					INNER JOIN td_list_users ON td_lists.idx = td_list_users.list_idx
					WHERE td_list_users.user_idx = #{userIdx} AND td_list_users.user_state = 'owner' AND list_idx = #{listIdx}
		)
	</update>

	<select id="selectByIdx" parameterType="toodle.dao.ListUserPair" resultType="toodle.model.TaskList">
		SELECT *
		FROM td_lists
		LEFT OUTER JOIN td_list_users ON
			td_list_users.list_idx = td_lists.idx
				AND td_list_users.list_idx = #{listIdx}
				AND td_list_users.user_idx = #{userIdx}
		INNER JOIN (
			SELECT list_idx, COUNT(user_idx) user_count
			FROM td_list_users
			WHERE list_idx = #{listIdx}
			GROUP BY list_idx
		) counts ON counts.list_idx = td_list_users.list_idx
  	</select>

	<select id="selectMyLists" parameterType="string" resultType="toodle.model.MyTaskList">
		SELECT
			td_lists.*,
			td_list_users.*,
			counts.user_count,
			CASE WHEN td_lists.idx = (SELECT inbox_idx FROM td_users WHERE idx = #{userIdx})
				THEN 1
				ELSE 0
			END is_inbox
		FROM td_lists
		INNER JOIN td_list_users ON td_lists.idx = td_list_users.list_idx
		INNER JOIN (
			SELECT list_idx, COUNT(user_idx) user_count
			FROM td_list_users
			GROUP BY list_idx
		) counts ON counts.list_idx = td_list_users.list_idx
		WHERE user_state in ('owner', 'member')
			AND user_idx = #{userIdx}
			AND deleted_at IS NULL
		ORDER BY td_list_users.ord asc
	</select>

	<select id="selectUserState" parameterType="toodle.dao.ListUserPair" resultType="string">
		SELECT user_state
		FROM td_list_users
		WHERE list_idx = #{listIdx} AND user_idx = #{userIdx}
	</select>
	<select id="selectTasksByIdx" parameterType="toodle.dao.ListUserPair" resultType="toodle.model.Task">
		SELECT td_tasks.*
		FROM td_tasks
		INNER JOIN td_lists      ON td_lists.idx = td_tasks.list_idx
		INNER JOIN td_list_users ON td_lists.idx = td_list_users.list_idx
		WHERE
			td_tasks.list_idx = #{listIdx}
		AND td_list_users.user_state IN ('owner', 'member')
		AND td_list_users.user_idx = #{userIdx}
		ORDER BY td_tasks.is_completed ASC, td_tasks.ord DESC
	</select>
	<select id="selectInvitations" parameterType="string" resultType="toodle.model.TaskList">
		SELECT td_lists.idx, td_lists.name, user_state
		FROM td_lists
		INNER JOIN td_list_users ON td_lists.idx = td_list_users.list_idx
		WHERE user_state = 'invited' 
			AND user_idx = #{userIdx}
			AND deleted_at IS NULL
	</select>

	<select id="selectUsersByState" parameterType="map" resultType="toodle.model.ListUser">
		SELECT *
		FROM td_list_users
		INNER JOIN td_users ON td_users.idx = td_list_users.user_idx
		WHERE list_idx = #{listIdx} AND user_state IN 
			<foreach item="state" collection="states" open="(" separator="," close=")">
				#{state}
			</foreach>	
	</select>
	<select id="countNotCompleted" parameterType="toodle.dao.ListUserPair" resultType="int">
		SELECT COUNT(distinct td_tasks.idx) not_completed
		FROM td_tasks
		INNER JOIN td_lists      ON td_lists.idx = td_tasks.list_idx 
		INNER JOIN td_list_users ON td_lists.idx = td_list_users.list_idx
		WHERE
			td_tasks.is_completed = 0
			AND td_lists.deleted_at IS NULL
			AND td_list_users.user_idx = #{userIdx}
			AND td_lists.idx = #{listIdx}
	</select>
	<insert id="inviteUsers" parameterType="toodle.model.TaskList">
		INSERT INTO td_list_users(list_idx, user_idx, user_state, ord)
		SELECT list_idx, user_idx, 'invited', 0
		FROM (
			<foreach collection="userIdxes" item="userIdx" separator=" UNION ALL ">
				SELECT #{listIdx} list_idx, #{userIdx} user_idx FROM dual
			</foreach>
		) data
		INNER JOIN td_users ON td_users.idx = data.user_idx
		INNER JOIN td_lists ON td_lists.idx = data.list_idx
		WHERE user_idx NOT IN (
			SELECT user_idx
			FROM td_list_users
			WHERE list_idx = #{listIdx}
		)
	</insert>
	<select id="selectTaskOrderByIdx" parameterType="map" resultType="String">
		SELECT idx
		FROM td_tasks
		INNER JOIN td_list_users ON td_list_users.list_idx = td_tasks.list_idx
		WHERE 
			td_tasks.list_idx = #{listIdx}
			AND td_list_users.user_idx = #{userIdx}
			AND td_list_users.user_status IN ('owner', 'member')
		ORDER BY ord ASC
	</select>
	<select id="selectUserIdxes" parameterType="map" resultType="string">
		SELECT user_idx
		FROM td_list_users
		WHERE list_idx = #{listIdx} AND user_idx != #{userIdx}
	</select>
	<select id="deletedLists" resultType="toodle.model.TaskList">
		SELECT * FROM td_lists
		INNER JOIN td_list_users ON td_lists.idx = td_list_users.list_idx
		WHERE td_list_users.user_idx = #{userIdx}
		AND td_list_users.user_state = 'owner'
		AND td_lists.deleted_at IS NOT NULL
	</select>
</mapper>
