<?xml version="1.0" encoding="UTF-8"?>
<!DOCTYPE mapper PUBLIC "-//mybatis.org//DTD Mapper 3.0//EN" "http://mybatis.org/dtd/mybatis-3-mapper.dtd">
<mapper namespace="sql.task">
	<select id="selectByIdx" parameterType="string" resultType="toodle.model.Task">
		SELECT * FROM td_tasks WHERE idx = #{idx}
	</select>
	<select id="filterValidIdxes" parameterType="map" resultType="string">
		SELECT td_tasks.idx
		FROM td_tasks
		INNER JOIN td_lists      ON td_lists.idx = td_tasks.list_idx
		INNER JOIN td_list_users ON td_lists.idx = td_list_users.list_idx
		WHERE td_list_users.user_idx = #{userIdx}
			AND td_list_users.user_state IN ('owner', 'member')
			AND td_tasks.idx IN 
			<foreach collection="idxes" item="idx" open="(" close=")" separator=",">#{idx}</foreach>
	</select>
	<select id="selectByIdxForUser" parameterType="map"
		resultType="toodle.model.Task">
		SELECT * FROM td_tasks
		INNER JOIN td_lists      ON td_lists.idx = td_tasks.list_idx 
		INNER JOIN td_list_users ON td_lists.idx = td_list_users.list_idx
		WHERE td_list_users.user_idx = #{userIdx}
			AND td_list_users.user_state IN ('owner','member')
			AND td_tasks.idx = #{idx}
	</select>
	<insert id="insert" parameterType="toodle.model.Task"
		useGeneratedKeys="true" keyProperty="idx,ord" keyColumn="idx,ord">
		INSERT INTO td_tasks(
			idx, list_idx, user_idx,
			name, description,
			due_datetime, remind_datetime, is_important,
			is_completed, created_at, updated_at,
			ord, version
		)
		VALUES (
			td_task_idx.nextval, #{listIdx}, #{userIdx},
			#{name}, #{description,jdbcType=VARCHAR},
			#{dueDatetime,jdbcType=TIMESTAMP}, #{remindDatetime,jdbcType=TIMESTAMP}, #{isImportant},
			#{isCompleted}, sysdate, sysdate,
			COALESCE((SELECT MAX(ord) + 1 FROM td_tasks WHERE list_idx = #{listIdx}), 0), 0
		)
	</insert>
	<update id="update" parameterType="toodle.model.Task">
		UPDATE td_tasks
		SET
			list_idx = #{listIdx},
			name = #{name},
			description = #{description,jdbcType=VARCHAR},
			start_datetime = #{startDatetime,jdbcType=TIMESTAMP},
			due_datetime = #{dueDatetime,jdbcType=TIMESTAMP},
			remind_datetime = #{remindDatetime,jdbcType=TIMESTAMP},
			is_important = #{isImportant},
			is_completed = #{isCompleted},
			updated_at = sysdate,
			version = version + 1
		WHERE idx = #{idx}
	</update>
	<delete id="delete">
		DELETE FROM td_tasks
		WHERE idx IN <foreach collection="array" item="idx" open="(" close=")" separator=",">#{idx}</foreach>
	</delete>
	<delete id="deleteAssignees" parameterType="string">
		DELETE FROM td_task_assignees WHERE task_idx = #{taskIdx}
	</delete>
	<insert id="addAssignee" parameterType="map">
		INSERT INTO td_task_assignees (user_idx, task_idx, ord)
		VALUES (#{userIdx}, #{taskIdx}, #{ord})
	</insert>
	<select id="assignments" parameterType="map" resultType="toodle.model.Task">
		SELECT *
		FROM td_tasks
		INNER JOIN td_lists on      td_lists.idx = td_tasks.list_idx 
		INNER JOIN td_list_users on td_lists.idx = td_list_users.list_idx
		WHERE
			td_tasks.idx IN (
				SELECT task_idx
				FROM td_task_assignees
				WHERE user_idx = #{userIdx}
			)
			AND td_list_users.user_idx = #{userIdx}
			AND td_list_users.user_state IN ('owner', 'member')
			AND td_lists.deleted_at IS NULL
			AND td_tasks.is_completed = 0
		ORDER BY td_list_users.ord ASC, td_tasks.ord ASC
	</select>	
	<select id="countAssignments" parameterType="string" resultType="int">
		SELECT COUNT(distinct td_tasks.idx)
		FROM td_tasks
		INNER JOIN td_lists ON      td_lists.idx = td_tasks.list_idx 
		INNER JOIN td_list_users ON td_lists.idx = td_list_users.list_idx
		WHERE
			td_tasks.idx IN (
				SELECT task_idx
				FROM td_task_assignees
				WHERE user_idx = #{userIdx}
			)
			AND td_list_users.user_idx = #{userIdx}
			AND td_list_users.user_state IN ('owner', 'member')
			AND td_lists.deleted_at IS NULL
			AND td_tasks.is_completed = 0
	</select>
	<select id="selectByDate" parameterType="map" resultType="toodle.model.Task">
		SELECT *
		FROM td_tasks
		INNER JOIN td_lists      ON td_lists.idx = td_tasks.list_idx 
		INNER JOIN td_list_users ON td_lists.idx = td_list_users.list_idx
		WHERE
			td_list_users.user_idx = #{userIdx}
		AND td_list_users.user_state IN ('owner','member')
		AND td_tasks.is_completed = 0
		<if test="dateFrom != null"><![CDATA[
			AND due_datetime >= to_date(#{dateFrom} ,'yyyy-mm-dd')		
		]]></if>
		<if test="dateTo != null"><![CDATA[
			AND due_datetime < to_date(#{dateTo}, 'yyyy-mm-dd')		
		]]></if>
		ORDER BY td_list_users.ord ASC, due_datetime ASC, td_tasks.ord DESC
	</select>

	<select id="selectImportantTasks" parameterType="String" resultType="toodle.model.Task">
		SELECT *
		FROM td_tasks
		INNER JOIN td_lists      ON td_lists.idx = td_tasks.list_idx 
		INNER JOIN td_list_users ON td_lists.idx = td_list_users.list_idx
		WHERE
			(td_list_users.user_state IN ('owner','member') AND td_list_users.user_idx = #{userIdx})
			AND td_tasks.is_important = 1
			AND td_tasks.is_completed = 0
			AND td_lists.deleted_at IS NULL
		ORDER BY td_list_users.ord DESC
	</select>
	
	<select id="countImportantTasks" parameterType="toodle.dao.ListUserPair" resultType="int">
		SELECT count(distinct td_tasks.idx) important
		FROM td_tasks
		INNER JOIN td_lists      ON td_lists.idx = td_tasks.list_idx 
		INNER JOIN td_list_users ON td_lists.idx = td_list_users.list_idx
		WHERE
			(td_list_users.user_state IN ('owner','member') AND td_list_users.user_idx = #{userIdx})
			AND td_tasks.is_important = 1
			AND td_tasks.is_completed = 0
			AND td_lists.deleted_at IS NULL
	</select>

	<select id="searchByKeywords" parameterType="map" resultType="toodle.model.Task">
		SELECT td_tasks.*
		FROM td_tasks
		INNER JOIN (
			SELECT
				td_tasks.idx AS task_idx,
				MAX(td_list_users.ord) AS list_ord
			FROM td_tasks
			INNER JOIN td_lists      ON td_lists.idx = td_tasks.list_idx
			INNER JOIN td_list_users ON td_lists.idx = td_list_users.list_idx 
			LEFT OUTER JOIN (
				SELECT td_users.name, td_task_assignees.task_idx
				FROM td_task_assignees
				INNER JOIN td_users ON td_users.idx = td_task_assignees.user_idx
			) assignees ON td_tasks.idx = assignees.task_idx
			LEFT OUTER JOIN td_subtasks         ON td_tasks.idx = td_subtasks.task_idx
			LEFT OUTER JOIN td_task_attachments ON td_tasks.idx = td_task_attachments.task_idx
			WHERE td_list_users.user_idx = #{userIdx}
				AND td_list_users.user_state IN ('owner','member')
				AND td_tasks.is_completed = 0
				AND (0=1
				<foreach item="field" collection="fields">
					<if test="field == 'taskName'">
						OR td_tasks.name LIKE '%'||#{keyword}||'%'
					</if>
					<if test="field == 'subtaskName'">
						OR td_subtasks.name LIKE '%'||#{keyword}||'%'
					</if>
					<if test="field == 'assigneeName'">
						OR assignees.name LIKE '%' || #{keyword} || '%'
					</if>
					<if test="field == 'attachmentName'">
						OR td_task_attachments.name LIKE '%'||#{keyword}||'%'
					</if>
					<if test="field == 'taskDescription'">
						OR td_tasks.description LIKE '%'||#{keyword}||'%'
					</if>
				</foreach>
				)
			GROUP BY td_tasks.idx
		) results ON results.task_idx = td_tasks.idx
		ORDER BY results.list_ord ASC, td_tasks.ord DESC
	</select>

	<delete id="deleteHashtags">
		DELETE FROM td_hashtags
		WHERE task_idx IN <foreach collection="array" item="idx" open="(" close=")" separator=",">#{idx}</foreach>
	</delete>
	<insert id="insertHashtags">
		INSERT INTO td_hashtags(task_idx, tag)
		<foreach collection="tags" item="tag" separator=" UNION ALL ">
			SELECT #{taskIdx}, #{tag} FROM dual
		</foreach>
	</insert>
	<select id="selectHashtags" parameterType="map" resultType="String">
		SELECT td_hashtags.tag
		FROM td_hashtags
		INNER JOIN td_tasks      ON td_tasks.idx = td_hashtags.task_idx
		INNER JOIN td_list_users ON td_tasks.list_idx = td_list_users.list_idx
		WHERE
			td_list_users.user_state IN ('owner', 'member')
		AND td_list_users.user_idx = #{userIdx}
		GROUP BY td_hashtags.tag
	</select>
	<update id="updateOrd" parameterType="map">
		UPDATE td_tasks
		SET ord = #{ord}
		WHERE
			idx IN (
				SELECT idx
				FROM td_tasks
				INNER JOIN td_list_users ON td_tasks.list_idx = td_list_users.list_idx
				WHERE
					td_list_users.user_idx = #{userIdx}
					AND td_list_users.user_state IN ('member', 'owner')
					AND td_tasks.idx = #{taskIdx}
			)
	</update>
	<update id="updateSubtaskOrd" parameterType="map">
		UPDATE td_subtasks
		SET ord = #{ord}
		WHERE idx IN (
			SELECT idx
			FROM td_subtasks
			WHERE task_idx = #{taskIdx} 
		) AND idx = #{subtaskIdx}
	</update>

	<select id="selectDailyTaskCount" parameterType="map" resultType="toodle.util.Entry"><![CDATA[ 
		SELECT
			TO_CHAR(due_datetime, 'yyyy-MM-dd') AS "key",
			COUNT(DISTINCT td_tasks.idx) as "value"
		FROM td_tasks
		INNER JOIN td_lists      ON td_lists.idx = td_tasks.list_idx
		INNER JOIN td_list_users ON td_lists.idx = td_list_users.list_idx 
		WHERE td_list_users.user_idx = #{userIdx}
			AND td_list_users.user_state IN ('owner','member')
			AND due_datetime >= TO_DATE(#{dateFrom} ,'yyyy-mm-dd')
			AND due_datetime < TO_DATE(#{dateTo}, 'yyyy-mm-dd')
            AND is_completed = 0
    	GROUP BY to_char(due_datetime, 'yyyy-MM-dd')
	]]></select>

	<select id="selectReminders" resultType="toodle.model.Reminder">
		SELECT
			td_users.email    AS email,
			td_list_users.user_idx AS user_idx,
			td_tasks.idx      AS task_idx,
			td_tasks.name     AS task_name
		FROM td_users
		INNER JOIN td_list_users ON td_list_users.user_idx = td_users.idx
		INNER JOIN td_tasks ON td_tasks.list_idx = td_list_users.list_idx
		INNER JOIN td_lists ON td_tasks.list_idx = td_lists.idx
		WHERE
		    remind_datetime = TRUNC(sysdate, 'MI')
		    AND td_lists.deleted_at IS NULL 
		    AND td_list_users.user_state IN ('owner','member')
		    AND td_tasks.is_completed = 0
	</select>
	<select id="selectUserIdxes" parameterType="string" resultType="string">
		SELECT td_list_users.user_idx 
		FROM td_list_users
		INNER JOIN td_tasks ON td_tasks.list_idx = td_list_users.list_idx AND td_tasks.idx = #{taskIdx}
		WHERE
			    td_list_users.user_state IN ('owner', 'member')
			AND td_list_users.user_idx != #{userIdx}
	</select>
	<delete id="deleteBadAssignees">
		DELETE FROM td_task_assignees
		WHERE (user_idx, task_idx) IN
		(SELECT
			td_task_assignees.user_idx,
			task_idx
		FROM td_task_assignees 
		INNER JOIN      td_tasks      ON td_task_assignees.task_idx = td_tasks.idx
		LEFT OUTER JOIN td_list_users ON td_tasks.list_idx = td_list_users.list_idx AND td_task_assignees.user_idx = td_list_users.user_idx
		WHERE user_state IS NULL OR user_state NOT IN ('owner', 'member'))
	</delete>
	<select id="countEntities" resultType="toodle.model.EntityCount">
		SELECT
			td_tasks.idx AS idx,
			COUNT(DISTINCT td_task_attachments.idx) AS attachments,
			COUNT(DISTINCT td_task_comments.idx)    AS comments,
			COUNT(DISTINCT td_subtasks.idx)         AS subtasks, 
            MAX(completed.count)           AS subtasks_done 
		FROM td_tasks
		LEFT OUTER JOIN td_task_attachments ON td_tasks.idx = td_task_attachments.task_idx 
		LEFT OUTER JOIN td_task_comments    ON td_tasks.idx = td_task_comments.task_idx 
		LEFT OUTER JOIN td_subtasks         ON td_tasks.idx = td_subtasks.task_idx
		LEFT OUTER JOIN (
			SELECT task_idx, COUNT(is_completed) AS count
			FROM td_subtasks
			WHERE is_completed = 1
			GROUP BY task_idx
		) completed ON td_tasks.idx = completed.task_idx		
		WHERE td_tasks.idx IN <foreach collection="array" item="taskIdx" open="(" close=")" separator=",">#{taskIdx}</foreach>
		  	AND NOT (
		  		td_task_attachments.idx IS NULL AND
		  		td_task_comments.idx    IS NULL AND
		  		td_subtasks.idx         IS NULL
		  	)
		GROUP BY td_tasks.idx
	</select>
	<select id="selectStaleReminders" parameterType="string" resultType="toodle.model.Reminder"><![CDATA[
		SELECT
			td_users.email         AS email,
			td_tasks.user_idx      AS user_idx,
			td_list_users.list_idx AS list_idx,
			td_tasks.idx           AS task_idx,
			td_tasks.name          AS task_name
		FROM td_users
		INNER JOIN td_list_users ON td_list_users.user_idx = td_users.idx
		INNER JOIN td_tasks      ON td_list_users.list_idx = td_tasks.list_idx 
		INNER JOIN td_lists      ON td_tasks.list_idx = td_lists.idx
		WHERE
		    remind_datetime <= TRUNC(sysdate, 'MI')
		    AND td_lists.deleted_at IS NULL
		    AND td_list_users.user_state IN ('owner','member')
		    AND td_tasks.is_completed = 0
		    AND td_users.idx = #{userIdx}			
	]]></select>
</mapper>
