<?xml version="1.0" encoding="UTF-8"?>
<!DOCTYPE mapper PUBLIC "-//mybatis.org//DTD Mapper 3.0//EN" "http://mybatis.org/dtd/mybatis-3-mapper.dtd">
<mapper namespace="sql.user">
	<insert id="insert" parameterType="toodle.model.User" 
		useGeneratedKeys="true" keyProperty="idx" keyColumn="idx">
		insert into td_users(idx, email, name, inbox_idx, password,photo, updated_at, settings)
		 values(td_user_idx.nextval,#{email},#{name},75112546,#{password},null, sysdate, null)
	</insert>
	<select id="selectByEmail" parameterType="String" resultType="toodle.model.User">
		select * from td_users
		where email=#{email}
	</select>
	<select id="selectByIdx" parameterType="String" resultType="toodle.model.User">
		SELECT * FROM td_users WHERE idx = #{idx}
	</select>
	<update id="update" parameterType="toodle.model.User" >
		update td_users set
		name=#{name},
		<if test="password != null"> 
	  		password=#{password},
	  	</if>
	  	photo=#{photo,jdbcType=VARCHAR},
	  	inbox_idx = #{inboxIdx},
	  	updated_at = sysdate
  		where idx=#{idx}
	</update>
	<select id="selectByTaskIdx" parameterType="string" resultType="toodle.model.User">
		SELECT *
		FROM td_task_assignees
		INNER JOIN td_users ON td_task_assignees.user_idx = td_users.idx
		WHERE td_task_assignees.task_idx = #{task_idx} ORDER BY ord ASC
	</select>
	<select id="selectUserContacts" parameterType="map" resultType="toodle.model.User">
		SELECT *
		FROM td_users
		WHERE idx IN (
			SELECT user_idx
			FROM td_list_users
			INNER JOIN td_users ON td_users.idx = td_list_users.user_idx
			WHERE
				td_list_users.list_idx IN (
					SELECT list_idx
					FROM td_list_users
					WHERE
						user_state IN ('owner','member')
					AND user_idx = #{userIdx}
				)
			AND td_list_users.user_idx != #{userIdx}
			GROUP BY user_idx		
		)
	</select>
	<select id="selectByUserEmail" parameterType="string" resultType="toodle.model.User">
		select * from td_users
		where email=#{email}
	</select>
	<update id="updatePassword" parameterType="toodle.model.User">
		update td_users set password=#{newpassword}
		where email=#{email}
	</update>
	<update id="upadteSettings" parameterType="toodle.model.User">
		update td_users set settings=#{settings}
		where idx=#{userIdx}
	</update>
</mapper>


